Id,melanoma,nevus,seborrheic_keratosis
ISIC_0012258.jpg,0.28271999955177307,0.10008614510297775,0.6171938180923462
ISIC_0012356.jpg,0.1522049754858017,0.0427849255502224,0.8050101399421692
ISIC_0012369.jpg,0.3686901926994324,0.14219097793102264,0.4891187846660614
ISIC_0012395.jpg,0.5349656939506531,0.12894634902477264,0.3360879123210907
ISIC_0012425.jpg,0.39241260290145874,0.14416296780109406,0.4634245038032532
ISIC_0012758.jpg,0.3764125406742096,0.1529621034860611,0.4706253409385681
ISIC_0012989.jpg,0.3400510549545288,0.1558835506439209,0.5040654540061951
ISIC_0013072.jpg,0.43582019209861755,0.10408675670623779,0.4600929915904999
ISIC_0013073.jpg,0.37733200192451477,0.1850924789905548,0.43757545948028564
ISIC_0013242.jpg,0.3036709725856781,0.10926860570907593,0.5870604515075684
ISIC_0013277.jpg,0.3570149838924408,0.14987868070602417,0.4931063652038574
ISIC_0013321.jpg,0.24985100328922272,0.08867886662483215,0.6614701747894287
ISIC_0013374.jpg,0.4984205961227417,0.08114678412675858,0.42043256759643555
ISIC_0013411.jpg,0.3476802706718445,0.09771419316530228,0.5546055436134338
ISIC_0013414.jpg,0.37349608540534973,0.15276141464710236,0.4737425148487091
ISIC_0013455.jpg,0.4992263913154602,0.13467969000339508,0.3660939633846283
ISIC_0013457.jpg,0.6056690812110901,0.09785101562738419,0.2964799702167511
ISIC_0013459.jpg,0.18739664554595947,0.09041544795036316,0.722187876701355
ISIC_0013472.jpg,0.33638647198677063,0.14512136578559875,0.5184921026229858
ISIC_0013473.jpg,0.27664491534233093,0.08718032389879227,0.636174738407135
ISIC_0013565.jpg,0.08473749458789825,0.017876580357551575,0.8973859548568726
ISIC_0013577.jpg,0.28739580512046814,0.12349267303943634,0.5891115665435791
ISIC_0013588.jpg,0.22178414463996887,0.07593417912721634,0.7022817134857178
ISIC_0013615.jpg,0.347758948802948,0.13208533823490143,0.520155668258667
ISIC_0013617.jpg,0.39642685651779175,0.12765008211135864,0.4759230315685272
ISIC_0013636.jpg,0.22596225142478943,0.053700026124715805,0.7203378081321716
ISIC_0013678.jpg,0.3666824996471405,0.11792311817407608,0.515394389629364
ISIC_0013696.jpg,0.3257979452610016,0.05915902554988861,0.615043044090271
ISIC_0013733.jpg,0.2875128984451294,0.17692182958126068,0.5355652570724487
ISIC_0013739.jpg,0.3592173159122467,0.11668689548969269,0.5240958333015442
ISIC_0013766.jpg,0.40280425548553467,0.17785479128360748,0.41934090852737427
ISIC_0013767.jpg,0.2023603320121765,0.04006607085466385,0.757573664188385
ISIC_0013813.jpg,0.30125683546066284,0.09600279480218887,0.6027403473854065
ISIC_0013814.jpg,0.14970484375953674,0.045030269771814346,0.8052648305892944
ISIC_0013833.jpg,0.2904697060585022,0.10076653957366943,0.6087637543678284
ISIC_0013842.jpg,0.2495383620262146,0.1042322963476181,0.6462293267250061
ISIC_0013867.jpg,0.24453768134117126,0.10254043340682983,0.6529219150543213
ISIC_0013908.jpg,0.32055211067199707,0.11346156150102615,0.5659862756729126
ISIC_0013917.jpg,0.4236019551753998,0.1603994220495224,0.4159986972808838
ISIC_0013925.jpg,0.4503108859062195,0.1169111356139183,0.432778000831604
ISIC_0013948.jpg,0.5597472786903381,0.11993519961833954,0.3203175663948059
ISIC_0013953.jpg,0.2963154911994934,0.11688772588968277,0.586796760559082
ISIC_0013987.jpg,0.2476019412279129,0.08394032716751099,0.6684576869010925
ISIC_0013988.jpg,0.26022911071777344,0.10587868094444275,0.6338921785354614
ISIC_0014027.jpg,0.33051326870918274,0.1084766611456871,0.5610100626945496
ISIC_0014059.jpg,0.35592344403266907,0.15905554592609406,0.4850209355354309
ISIC_0014077.jpg,0.4117870330810547,0.13205251097679138,0.45616039633750916
ISIC_0014103.jpg,0.31236210465431213,0.1146923154592514,0.5729455351829529
ISIC_0014110.jpg,0.4905681312084198,0.15288054943084717,0.35655131936073303
ISIC_0014129.jpg,0.3666514456272125,0.1495451033115387,0.4838034510612488
ISIC_0014148.jpg,0.2100704312324524,0.06805720180273056,0.7218723893165588
ISIC_0014160.jpg,0.34970858693122864,0.14235655963420868,0.5079348087310791
ISIC_0014181.jpg,0.25294801592826843,0.09292151778936386,0.6541305184364319
ISIC_0014186.jpg,0.24918028712272644,0.08672327548265457,0.6640964150428772
ISIC_0014219.jpg,0.2900042235851288,0.1355949491262436,0.574400782585144
ISIC_0014221.jpg,0.2745826840400696,0.09827397018671036,0.6271433234214783
ISIC_0014233.jpg,0.25124233961105347,0.09135031700134277,0.6574074029922485
ISIC_0014255.jpg,0.2545481324195862,0.08679371327161789,0.6586580872535706
ISIC_0014270.jpg,0.28180480003356934,0.14216811954975128,0.5760270953178406
ISIC_0014284.jpg,0.3801816999912262,0.13548173010349274,0.48433664441108704
ISIC_0014288.jpg,0.32471707463264465,0.18791869282722473,0.4873642027378082
ISIC_0014319.jpg,0.4979707896709442,0.1542627364397049,0.3477663993835449
ISIC_0014336.jpg,0.30426836013793945,0.10552296787500381,0.5902086496353149
ISIC_0014349.jpg,0.38103848695755005,0.13541844487190247,0.4835430979728699
ISIC_0014369.jpg,0.5007372498512268,0.14649811387062073,0.35276463627815247
ISIC_0014423.jpg,0.29120364785194397,0.10847838968038559,0.6003179550170898
ISIC_0014434.jpg,0.3133210837841034,0.1119704470038414,0.5747085213661194
ISIC_0014454.jpg,0.34881678223609924,0.06376296281814575,0.5874202847480774
ISIC_0014478.jpg,0.3523891866207123,0.1272830218076706,0.5203278064727783
ISIC_0014489.jpg,0.26392120122909546,0.14244002103805542,0.5936387181282043
ISIC_0014506.jpg,0.20171315968036652,0.06952667981386185,0.7287602424621582
ISIC_0014513.jpg,0.36980053782463074,0.1411895453929901,0.48900991678237915
ISIC_0014541.jpg,0.3604261875152588,0.14717978239059448,0.49239397048950195
ISIC_0014542.jpg,0.26908695697784424,0.08127835392951965,0.6496346592903137
ISIC_0014546.jpg,0.2713439166545868,0.08419124782085419,0.6444648504257202
ISIC_0014548.jpg,0.3470325171947479,0.13654738664627075,0.5164200663566589
ISIC_0014559.jpg,0.21867649257183075,0.07144314050674438,0.7098803520202637
ISIC_0014663.jpg,0.40215978026390076,0.13211897015571594,0.4657212197780609
ISIC_0014666.jpg,0.36786630749702454,0.1215943917632103,0.5105392932891846
ISIC_0014695.jpg,0.47090619802474976,0.1146572008728981,0.41443657875061035
ISIC_0014703.jpg,0.29512956738471985,0.11077389866113663,0.5940965414047241
ISIC_0014727.jpg,0.3225007951259613,0.0820336788892746,0.5954655408859253
ISIC_0014766.jpg,0.23103322088718414,0.06156429275870323,0.7074025273323059
ISIC_0014772.jpg,0.38526487350463867,0.1347050964832306,0.4800300598144531
ISIC_0014784.jpg,0.5586906671524048,0.12749727070331573,0.31381210684776306
ISIC_0014790.jpg,0.5508010983467102,0.11618582159280777,0.3330131471157074
ISIC_0014800.jpg,0.49031758308410645,0.14255939424037933,0.367123007774353
ISIC_0014826.jpg,0.7158989310264587,0.19817902147769928,0.08592204749584198
ISIC_0014862.jpg,0.6232823133468628,0.11875657737255096,0.2579612135887146
ISIC_0014872.jpg,0.19697436690330505,0.0677776113152504,0.7352480292320251
ISIC_0014883.jpg,0.4993484318256378,0.18762406706809998,0.31302759051322937
ISIC_0014912.jpg,0.3736686408519745,0.14087429642677307,0.48545706272125244
ISIC_0014928.jpg,0.4948349893093109,0.12692338228225708,0.3782415986061096
ISIC_0014932.jpg,0.4803799092769623,0.16105850040912628,0.35856160521507263
ISIC_0014963.jpg,0.60737144947052,0.20597632229328156,0.18665221333503723
ISIC_0014982.jpg,0.4178692102432251,0.13029330968856812,0.4518374502658844
ISIC_0015004.jpg,0.34460151195526123,0.1122971847653389,0.5431012511253357
ISIC_0015041.jpg,0.5257090330123901,0.19767609238624573,0.27661484479904175
ISIC_0015046.jpg,0.7275634407997131,0.23658744990825653,0.03584905341267586
ISIC_0015050.jpg,0.23424366116523743,0.09256848692893982,0.6731878519058228
ISIC_0015071.jpg,0.4709961414337158,0.18540944159030914,0.34359437227249146
ISIC_0015115.jpg,0.2819911241531372,0.10473717004060745,0.6132717132568359
ISIC_0015119.jpg,0.5903760194778442,0.20224373042583466,0.20738022029399872
ISIC_0015127.jpg,0.5419806838035583,0.13345621526241302,0.3245631158351898
ISIC_0015132.jpg,0.3673204183578491,0.14000560343265533,0.49267396330833435
ISIC_0015133.jpg,0.613579273223877,0.21256914734840393,0.17385153472423553
ISIC_0015136.jpg,0.3395872414112091,0.08295883983373642,0.5774539113044739
ISIC_0015142.jpg,0.5860834121704102,0.17609918117523193,0.2378174513578415
ISIC_0015156.jpg,0.3734995126724243,0.13391318917274475,0.49258729815483093
ISIC_0015163.jpg,0.6481342911720276,0.1621199995279312,0.1897457093000412
ISIC_0015167.jpg,0.3146548569202423,0.08103358000516891,0.6043116450309753
ISIC_0015180.jpg,0.35436248779296875,0.14420577883720398,0.5014317631721497
ISIC_0015185.jpg,0.23970985412597656,0.05228233337402344,0.7080078125
ISIC_0015193.jpg,0.5740223526954651,0.15294979512691498,0.27302783727645874
ISIC_0015206.jpg,0.5163902640342712,0.14507395029067993,0.33853578567504883
ISIC_0015229.jpg,0.3193291127681732,0.10058952867984772,0.5800814032554626
ISIC_0015251.jpg,0.38940274715423584,0.11153645068407059,0.4990607798099518
ISIC_0012092.jpg,0.37814345955848694,0.1640598177909851,0.45779675245285034
ISIC_0012095.jpg,0.3315166234970093,0.13689564168453217,0.5315877199172974
ISIC_0012147.jpg,0.3093702495098114,0.10971047729253769,0.5809192657470703
ISIC_0012149.jpg,0.37645214796066284,0.13877373933792114,0.48477405309677124
ISIC_0012152.jpg,0.3967864215373993,0.08984965831041336,0.5133638978004456
ISIC_0012216.jpg,0.21752722561359406,0.0707431435585022,0.7117295861244202
ISIC_0012357.jpg,0.2718467116355896,0.1151164248585701,0.6130368709564209
ISIC_0012484.jpg,0.25294044613838196,0.06533484160900116,0.6817246675491333
ISIC_0012493.jpg,0.3526090085506439,0.14266084134578705,0.5047301650047302
ISIC_0012551.jpg,0.35883286595344543,0.1481069177389145,0.4930601716041565
ISIC_0012654.jpg,0.36332738399505615,0.14533843100070953,0.4913341999053955
ISIC_0012656.jpg,0.47916650772094727,0.17902234196662903,0.3418111503124237
ISIC_0012708.jpg,0.49951159954071045,0.15025122463703156,0.3502371907234192
ISIC_0012722.jpg,0.37309640645980835,0.13219861686229706,0.4947050213813782
ISIC_0012803.jpg,0.2908751368522644,0.05748661607503891,0.6516382694244385
ISIC_0012836.jpg,0.36972305178642273,0.12616890668869019,0.5041080117225647
ISIC_0012837.jpg,0.27371349930763245,0.11404814571142197,0.612238347530365
ISIC_0012903.jpg,0.30206766724586487,0.1419530063867569,0.5559793710708618
ISIC_0012904.jpg,0.30000820755958557,0.13843612372875214,0.5615556836128235
ISIC_0012941.jpg,0.232321098446846,0.18004511296749115,0.5876337289810181
ISIC_0012967.jpg,0.24199557304382324,0.15949378907680511,0.5985106229782104
ISIC_0013045.jpg,0.46471285820007324,0.22004233300685883,0.31524476408958435
ISIC_0013070.jpg,0.24348609149456024,0.12917491793632507,0.6273390054702759
ISIC_0013109.jpg,0.440812349319458,0.1762395203113556,0.3829481303691864
ISIC_0013159.jpg,0.30076950788497925,0.045004069805145264,0.6542264223098755
ISIC_0013164.jpg,0.3930802047252655,0.14218895137310028,0.464730829000473
ISIC_0013176.jpg,0.2753676474094391,0.16808803379535675,0.556544303894043
ISIC_0013191.jpg,0.17153401672840118,0.04080558568239212,0.7876603603363037
ISIC_0013216.jpg,0.3950563669204712,0.09047657251358032,0.5144670605659485
ISIC_0013226.jpg,0.2713741660118103,0.094770148396492,0.6338557600975037
ISIC_0013230.jpg,0.4508132338523865,0.12315795570611954,0.4260287582874298
ISIC_0013269.jpg,0.35132837295532227,0.13691657781600952,0.5117550492286682
ISIC_0013291.jpg,0.43040671944618225,0.1568589061498642,0.4127342998981476
ISIC_0013325.jpg,0.36657822132110596,0.12730436027050018,0.5061174631118774
ISIC_0013399.jpg,0.36567896604537964,0.15000544488430023,0.4843156039714813
ISIC_0013416.jpg,0.40867260098457336,0.16043956577777863,0.4308878481388092
ISIC_0013511.jpg,0.2995043396949768,0.08829235285520554,0.6122032999992371
ISIC_0013512.jpg,0.341574490070343,0.1414220780134201,0.5170034766197205
ISIC_0013529.jpg,0.35682377219200134,0.15084831416606903,0.49232786893844604
ISIC_0013600.jpg,0.19755487143993378,0.16052065789699554,0.6419245004653931
ISIC_0013602.jpg,0.18345306813716888,0.09697896987199783,0.7195680141448975
ISIC_0013738.jpg,0.34440821409225464,0.1379115879535675,0.517680287361145
ISIC_0013794.jpg,0.37442439794540405,0.16684643924236298,0.4587291181087494
ISIC_0013809.jpg,0.3702002167701721,0.1447071135044098,0.4850926995277405
ISIC_0013891.jpg,0.3250063955783844,0.12325893342494965,0.5517346858978271
ISIC_0013897.jpg,0.28422310948371887,0.10750927776098251,0.608267605304718
ISIC_0013911.jpg,0.3349774181842804,0.13781192898750305,0.5272105932235718
ISIC_0013966.jpg,0.221745103597641,0.05353192985057831,0.7247229218482971
ISIC_0013998.jpg,0.3458678126335144,0.09605856984853745,0.5580736994743347
ISIC_0014090.jpg,0.3580382764339447,0.13810057938098907,0.503861129283905
ISIC_0014117.jpg,0.40750372409820557,0.14146001636981964,0.4510363042354584
ISIC_0014470.jpg,0.33807575702667236,0.1020963117480278,0.5598279237747192
ISIC_0014675.jpg,0.4964589774608612,0.1465470790863037,0.3569939434528351
ISIC_0014677.jpg,0.26471424102783203,0.09303932636976242,0.6422463655471802
ISIC_0014687.jpg,0.6032291650772095,0.2031487077474594,0.19362212717533112
ISIC_0014693.jpg,0.2777431309223175,0.10280801355838776,0.6194487810134888
ISIC_0014697.jpg,0.24989885091781616,0.0368250347673893,0.7132761478424072
ISIC_0014698.jpg,0.4876110553741455,0.19214263558387756,0.3202463388442993
ISIC_0014720.jpg,0.41132912039756775,0.15075883269309998,0.4379120469093323
ISIC_0014725.jpg,0.49698248505592346,0.17723892629146576,0.3257785737514496
ISIC_0014728.jpg,0.602624237537384,0.25756901502609253,0.13980676233768463
ISIC_0014729.jpg,0.22784338891506195,0.042430173605680466,0.7297264933586121
ISIC_0014740.jpg,0.45054909586906433,0.10094129294157028,0.4485096335411072
ISIC_0014743.jpg,0.4557637572288513,0.14600218832492828,0.3982340693473816
ISIC_0014746.jpg,0.5411345362663269,0.1091928780078888,0.3496726155281067
ISIC_0014749.jpg,0.55781090259552,0.2534642815589905,0.1887248307466507
ISIC_0014753.jpg,0.5737887620925903,0.14029204845428467,0.2859191596508026
ISIC_0014755.jpg,0.4638833701610565,0.13615907728672028,0.3999575674533844
ISIC_0014765.jpg,0.39465469121932983,0.13622339069843292,0.46912190318107605
ISIC_0014768.jpg,0.33662816882133484,0.12150496989488602,0.5418668985366821
ISIC_0014773.jpg,0.47147834300994873,0.17023977637290955,0.3582819104194641
ISIC_0014780.jpg,0.5222545862197876,0.16708873212337494,0.31065669655799866
ISIC_0014786.jpg,0.3916057348251343,0.13900700211524963,0.4693872928619385
ISIC_0014787.jpg,0.48596930503845215,0.19040831923484802,0.32362231612205505
ISIC_0014792.jpg,0.3295443058013916,0.12540282309055328,0.5450528264045715
ISIC_0014796.jpg,0.4210837185382843,0.14495301246643066,0.43396326899528503
ISIC_0014798.jpg,0.6429710388183594,0.1504671722650528,0.20656180381774902
ISIC_0014807.jpg,0.24953995645046234,0.07897783070802689,0.671482264995575
ISIC_0014814.jpg,0.5268418788909912,0.16779538989067078,0.3053627908229828
ISIC_0014815.jpg,0.5393922924995422,0.14055314660072327,0.3200545907020569
ISIC_0014820.jpg,0.3269922137260437,0.13574641942977905,0.5372613668441772
ISIC_0014822.jpg,0.3627737760543823,0.14750967919826508,0.4897165894508362
ISIC_0014833.jpg,0.2711803615093231,0.08576225489377975,0.6430573463439941
ISIC_0014835.jpg,0.3866915702819824,0.10917381197214127,0.5041345953941345
ISIC_0014844.jpg,0.3889046311378479,0.13604527711868286,0.47505006194114685
ISIC_0014853.jpg,0.5629014372825623,0.1832122951745987,0.25388628244400024
ISIC_0014854.jpg,0.6624574661254883,0.27158477902412415,0.06595779210329056
ISIC_0014863.jpg,0.431976318359375,0.13800983130931854,0.43001386523246765
ISIC_0014867.jpg,0.4803928732872009,0.13514430820941925,0.38446280360221863
ISIC_0014868.jpg,0.34573686122894287,0.07889208197593689,0.5753710865974426
ISIC_0014876.jpg,0.2651968002319336,0.10550407320261002,0.6292991638183594
ISIC_0014879.jpg,0.3689778447151184,0.15704067051410675,0.47398144006729126
ISIC_0014901.jpg,0.37368834018707275,0.07375280559062958,0.5525588393211365
ISIC_0014907.jpg,0.30715882778167725,0.11635460704565048,0.5764865279197693
ISIC_0014910.jpg,0.4692540168762207,0.13851003348827362,0.3922359049320221
ISIC_0014921.jpg,0.539320707321167,0.19308899343013763,0.26759034395217896
ISIC_0014927.jpg,0.6570989489555359,0.24916568398475647,0.09373535960912704
ISIC_0014936.jpg,0.5148887038230896,0.2160608470439911,0.2690504789352417
ISIC_0014938.jpg,0.47400936484336853,0.1613725870847702,0.36461812257766724
ISIC_0014940.jpg,0.5785708427429199,0.1947350800037384,0.22669410705566406
ISIC_0014941.jpg,0.6332752704620361,0.2126496583223343,0.15407508611679077
ISIC_0014942.jpg,0.39728206396102905,0.16478554904460907,0.4379323720932007
ISIC_0014943.jpg,0.44279247522354126,0.1523154228925705,0.4048921465873718
ISIC_0014944.jpg,0.5750908851623535,0.13958093523979187,0.285328209400177
ISIC_0014947.jpg,0.5759202837944031,0.20659621059894562,0.2174835503101349
ISIC_0014948.jpg,0.5510760545730591,0.1266666203737259,0.32225731015205383
ISIC_0014949.jpg,0.4036979079246521,0.12072068452835083,0.47558143734931946
ISIC_0014952.jpg,0.541630744934082,0.2390030175447464,0.21936622262001038
ISIC_0014955.jpg,0.5298761129379272,0.11707053333520889,0.35305339097976685
ISIC_0014956.jpg,0.5476289391517639,0.188354030251503,0.2640170454978943
ISIC_0014957.jpg,0.5313869118690491,0.19962652027606964,0.26898661255836487
ISIC_0014958.jpg,0.5159003138542175,0.21965216100215912,0.26444756984710693
ISIC_0014959.jpg,0.5309723019599915,0.14423008263111115,0.3247976005077362
ISIC_0014961.jpg,0.4908696413040161,0.13454310595989227,0.3745872974395752
ISIC_0014962.jpg,0.3410729169845581,0.11284610629081726,0.546081006526947
ISIC_0014964.jpg,0.6502631306648254,0.24931909143924713,0.10041774064302444
ISIC_0014966.jpg,0.39151936769485474,0.14053262770175934,0.4679481089115143
ISIC_0014968.jpg,0.5440718531608582,0.154506117105484,0.30142202973365784
ISIC_0014969.jpg,0.3761751055717468,0.14846700429916382,0.47535786032676697
ISIC_0014973.jpg,0.6326248645782471,0.23712117969989777,0.13025394082069397
ISIC_0014974.jpg,0.4754326045513153,0.16059693694114685,0.36397042870521545
ISIC_0014977.jpg,0.4401801824569702,0.14898596704006195,0.41083380579948425
ISIC_0014992.jpg,0.44741174578666687,0.16136614978313446,0.39122214913368225
ISIC_0014994.jpg,0.3440411686897278,0.11787848174571991,0.5380803942680359
ISIC_0014998.jpg,0.2971061170101166,0.08884625881910324,0.614047646522522
ISIC_0015002.jpg,0.271202951669693,0.08210182934999466,0.6466951966285706
ISIC_0015003.jpg,0.5649484992027283,0.18343058228492737,0.25162094831466675
ISIC_0015007.jpg,0.34642475843429565,0.12919411063194275,0.524381160736084
ISIC_0015008.jpg,0.5015170574188232,0.14353017508983612,0.35495275259017944
ISIC_0015009.jpg,0.6096938848495483,0.14755503833293915,0.2427510917186737
ISIC_0015011.jpg,0.2477819174528122,0.09180993586778641,0.6604081392288208
ISIC_0015013.jpg,0.2768503427505493,0.1014830470085144,0.6216666102409363
ISIC_0015015.jpg,0.5075778961181641,0.13438574969768524,0.3580363690853119
ISIC_0015016.jpg,0.4206552505493164,0.13524878025054932,0.4440959692001343
ISIC_0015018.jpg,0.3544856011867523,0.13636432588100433,0.5091501474380493
ISIC_0015019.jpg,0.42489421367645264,0.14214833080768585,0.4329575002193451
ISIC_0015020.jpg,0.5075920224189758,0.09394630789756775,0.3984616696834564
ISIC_0015021.jpg,0.31373199820518494,0.12577006220817566,0.5604979395866394
ISIC_0015023.jpg,0.3356786370277405,0.1155799925327301,0.5487414002418518
ISIC_0015026.jpg,0.40135660767555237,0.10767119377851486,0.49097222089767456
ISIC_0015030.jpg,0.467514306306839,0.1648808866739273,0.3676048517227173
ISIC_0015031.jpg,0.411182701587677,0.11571163684129715,0.47310569882392883
ISIC_0015034.jpg,0.4771278500556946,0.141152024269104,0.3817201256752014
ISIC_0015035.jpg,0.3717837333679199,0.14051324129104614,0.48770296573638916
ISIC_0015037.jpg,0.49715420603752136,0.10542643815279007,0.39741945266723633
ISIC_0015040.jpg,0.45936205983161926,0.14628587663173676,0.3943520784378052
ISIC_0015051.jpg,0.42539000511169434,0.11424431949853897,0.4603656530380249
ISIC_0015056.jpg,0.37223491072654724,0.13322623074054718,0.49453890323638916
ISIC_0015057.jpg,0.3196510970592499,0.12486445158720016,0.555484414100647
ISIC_0015060.jpg,0.4034053087234497,0.10228799283504486,0.49430668354034424
ISIC_0015064.jpg,0.36193081736564636,0.11720582097768784,0.5208633542060852
ISIC_0015078.jpg,0.3722213804721832,0.1367318332195282,0.4910467863082886
ISIC_0015089.jpg,0.5443642139434814,0.2013666331768036,0.25426915287971497
ISIC_0015102.jpg,0.5189986824989319,0.16709008812904358,0.31391116976737976
ISIC_0015118.jpg,0.5481550097465515,0.1430353820323944,0.3088096082210541
ISIC_0015125.jpg,0.5924851894378662,0.17008496820926666,0.23742984235286713
ISIC_0015129.jpg,0.3987463116645813,0.14005622267723083,0.46119749546051025
ISIC_0015130.jpg,0.6174639463424683,0.24101029336452484,0.14152580499649048
ISIC_0015139.jpg,0.4943462610244751,0.18644903600215912,0.3192046284675598
ISIC_0015140.jpg,0.45173996686935425,0.12652477622032166,0.4217352867126465
ISIC_0015146.jpg,0.4437830448150635,0.14631247520446777,0.40990447998046875
ISIC_0015149.jpg,0.42488348484039307,0.13607890903949738,0.43903759121894836
ISIC_0015150.jpg,0.41646456718444824,0.13448406755924225,0.4490513503551483
ISIC_0015152.jpg,0.3841434419155121,0.12045043706893921,0.4954061210155487
ISIC_0015155.jpg,0.46391189098358154,0.15137603878974915,0.3847120404243469
ISIC_0015157.jpg,0.41821640729904175,0.14406026899814606,0.437723308801651
ISIC_0015160.jpg,0.5914474129676819,0.1697622388601303,0.2387903481721878
ISIC_0015161.jpg,0.31249162554740906,0.07356055080890656,0.613947868347168
ISIC_0015171.jpg,0.2938705384731293,0.11934985220432281,0.5867796540260315
ISIC_0015173.jpg,0.4569113254547119,0.14416688680648804,0.39892178773880005
ISIC_0015174.jpg,0.567173957824707,0.16863411664962769,0.2641918957233429
ISIC_0015175.jpg,0.4393364191055298,0.12896966934204102,0.4316939115524292
ISIC_0015176.jpg,0.36953845620155334,0.11649276316165924,0.5139687657356262
ISIC_0015179.jpg,0.34241268038749695,0.09361892938613892,0.5639684200286865
ISIC_0015184.jpg,0.4673018753528595,0.1334495097398758,0.3992486894130707
ISIC_0015201.jpg,0.6424669623374939,0.23213407397270203,0.12539896368980408
ISIC_0015202.jpg,0.6802425384521484,0.2031663954257965,0.11659109592437744
ISIC_0015203.jpg,0.4668922424316406,0.13128390908241272,0.4018237888813019
ISIC_0015207.jpg,0.3099133372306824,0.11118531972169876,0.5789013504981995
ISIC_0015208.jpg,0.4719425439834595,0.17197898030281067,0.35607844591140747
ISIC_0015212.jpg,0.4768865406513214,0.14049549400806427,0.3826180398464203
ISIC_0015215.jpg,0.5542402267456055,0.15849003195762634,0.2872697412967682
ISIC_0015216.jpg,0.41293370723724365,0.07582034170627594,0.5112459063529968
ISIC_0015217.jpg,0.39183151721954346,0.14505133032798767,0.46311718225479126
ISIC_0015218.jpg,0.2895103991031647,0.08668535202741623,0.6238042712211609
ISIC_0015223.jpg,0.43703940510749817,0.136647030711174,0.4263135492801666
ISIC_0015224.jpg,0.41106879711151123,0.10174334794282913,0.48718786239624023
ISIC_0015226.jpg,0.2921742796897888,0.0855143740773201,0.6223113536834717
ISIC_0015232.jpg,0.3506842851638794,0.06187012419104576,0.5874456167221069
ISIC_0015237.jpg,0.4459199011325836,0.12735731899738312,0.4267227351665497
ISIC_0015241.jpg,0.46141451597213745,0.14661841094493866,0.39196714758872986
ISIC_0015244.jpg,0.5384564995765686,0.1725407987833023,0.2890027165412903
ISIC_0015245.jpg,0.3340211808681488,0.14695881307125092,0.5190200805664062
ISIC_0015250.jpg,0.40492480993270874,0.15870076417922974,0.4363744854927063
ISIC_0015254.jpg,0.4536963701248169,0.13759377598762512,0.40870994329452515
ISIC_0015255.jpg,0.5929705500602722,0.18028435111045837,0.2267450988292694
ISIC_0015258.jpg,0.5458003878593445,0.1767164170742035,0.277483195066452
ISIC_0015264.jpg,0.3999856114387512,0.13856233656406403,0.46145200729370117
ISIC_0015270.jpg,0.3234049081802368,0.10290203243494034,0.573693037033081
ISIC_0015273.jpg,0.4514007568359375,0.14552046358585358,0.40307870507240295
ISIC_0015274.jpg,0.2989754378795624,0.1190098226070404,0.582014799118042
ISIC_0015276.jpg,0.4340157210826874,0.13225744664669037,0.43372681736946106
ISIC_0015279.jpg,0.30946364998817444,0.14351385831832886,0.5470224618911743
ISIC_0015283.jpg,0.6585415601730347,0.15625691413879395,0.18520157039165497
ISIC_0015291.jpg,0.4925243556499481,0.149394690990448,0.35808098316192627
ISIC_0015293.jpg,0.46766239404678345,0.1518484354019165,0.38048920035362244
ISIC_0015298.jpg,0.4098355174064636,0.16329394280910492,0.42687058448791504
ISIC_0015309.jpg,0.35846588015556335,0.14014551043510437,0.5013886094093323
ISIC_0015310.jpg,0.38507041335105896,0.1429595649242401,0.47196999192237854
ISIC_0015311.jpg,0.6257665753364563,0.13292892277240753,0.24130450189113617
ISIC_0015312.jpg,0.514342725276947,0.1979384869337082,0.2877187728881836
ISIC_0015330.jpg,0.572769820690155,0.1838741898536682,0.24335598945617676
ISIC_0015331.jpg,0.4709261357784271,0.14193569123744965,0.3871381878852844
ISIC_0015347.jpg,0.5873401165008545,0.19040000438690186,0.22225984930992126
ISIC_0015353.jpg,0.5308344960212708,0.1842571347951889,0.28490838408470154
ISIC_0015355.jpg,0.5170941948890686,0.18752890825271606,0.29537689685821533
ISIC_0015357.jpg,0.46246564388275146,0.12720148265361786,0.41033288836479187
ISIC_0015360.jpg,0.7077334523200989,0.2060311734676361,0.0862354040145874
ISIC_0015363.jpg,0.2814076244831085,0.10105393081903458,0.6175384521484375
ISIC_0015364.jpg,0.48436999320983887,0.14120297133922577,0.37442702054977417
ISIC_0015368.jpg,0.5186241269111633,0.18291403353214264,0.2984619140625
ISIC_0015369.jpg,0.3141334354877472,0.11834284663200378,0.567523717880249
ISIC_0015383.jpg,0.476290225982666,0.19063672423362732,0.33307310938835144
ISIC_0015386.jpg,0.546006441116333,0.20697669684886932,0.2470168173313141
ISIC_0015390.jpg,0.49737805128097534,0.13540387153625488,0.36721810698509216
ISIC_0015395.jpg,0.5204066038131714,0.1896924525499344,0.2899009883403778
ISIC_0015403.jpg,0.3359365165233612,0.11563358455896378,0.5484299063682556
ISIC_0015404.jpg,0.4838787913322449,0.16086415946483612,0.3552570641040802
ISIC_0015411.jpg,0.40066078305244446,0.13282686471939087,0.46651238203048706
ISIC_0015412.jpg,0.640605628490448,0.13625575602054596,0.22313867509365082
ISIC_0015416.jpg,0.4387665390968323,0.1590861827135086,0.4021472930908203
ISIC_0015417.jpg,0.4823286533355713,0.14032043516635895,0.37735095620155334
ISIC_0015418.jpg,0.37380996346473694,0.14953404664993286,0.4766559898853302
ISIC_0015419.jpg,0.5409807562828064,0.17332498729228973,0.28569430112838745
ISIC_0015436.jpg,0.3200922906398773,0.10257662087678909,0.5773310661315918
ISIC_0015440.jpg,0.3717522621154785,0.12773244082927704,0.500515341758728
ISIC_0015447.jpg,0.3071587383747101,0.1111312285065651,0.5817100405693054
ISIC_0015455.jpg,0.43524637818336487,0.16595451533794403,0.3987991213798523
ISIC_0015464.jpg,0.3281667232513428,0.09286893159151077,0.578964352607727
ISIC_0015466.jpg,0.26703670620918274,0.1145729124546051,0.6183903813362122
ISIC_0015468.jpg,0.4849192202091217,0.11422573775053024,0.40085506439208984
ISIC_0015476.jpg,0.5309817790985107,0.1995348483324051,0.269483357667923
ISIC_0015481.jpg,0.3607173562049866,0.1297627091407776,0.5095199346542358
ISIC_0015482.jpg,0.4472813606262207,0.13785283267498016,0.41486579179763794
ISIC_0015485.jpg,0.42793840169906616,0.1395076960325241,0.43255385756492615
ISIC_0015510.jpg,0.39184772968292236,0.12296619266271591,0.48518601059913635
ISIC_0015526.jpg,0.38665103912353516,0.15849946439266205,0.4548495411872864
ISIC_0015537.jpg,0.5087267160415649,0.12766776978969574,0.3636054992675781
ISIC_0015544.jpg,0.3724038004875183,0.11497893929481506,0.512617290019989
ISIC_0015559.jpg,0.5575621128082275,0.1918211728334427,0.2506166994571686
ISIC_0015563.jpg,0.4497767984867096,0.12181583791971207,0.4284074008464813
ISIC_0015566.jpg,0.5061885118484497,0.19105841219425201,0.3027530908584595
ISIC_0015568.jpg,0.4370405077934265,0.17870822548866272,0.384251207113266
ISIC_0015582.jpg,0.6355618238449097,0.1788584142923355,0.18557968735694885
ISIC_0015593.jpg,0.504231870174408,0.13830015063285828,0.3574679493904114
ISIC_0015603.jpg,0.3888254463672638,0.12952978909015656,0.48164480924606323
ISIC_0015607.jpg,0.28334277868270874,0.10667430609464645,0.609982967376709
ISIC_0015614.jpg,0.45893171429634094,0.13504721224308014,0.4060210585594177
ISIC_0015617.jpg,0.47087621688842773,0.18370118737220764,0.34542256593704224
ISIC_0015625.jpg,0.5212459564208984,0.16227751970291138,0.3164765238761902
ISIC_0015631.jpg,0.4902092516422272,0.1952316015958786,0.3145591616630554
ISIC_0015636.jpg,0.47689783573150635,0.15159326791763306,0.3715088963508606
ISIC_0015638.jpg,0.37589231133461,0.13891591131687164,0.48519179224967957
ISIC_0015641.jpg,0.6372069716453552,0.2591344714164734,0.10365855693817139
ISIC_0015645.jpg,0.5408464074134827,0.12816523015499115,0.3309882879257202
ISIC_0015936.jpg,0.3566208779811859,0.1374865621328354,0.5058925747871399
ISIC_0015937.jpg,0.39007076621055603,0.17657123506069183,0.4333580434322357
ISIC_0015938.jpg,0.30921250581741333,0.14654329419136047,0.5442442297935486
ISIC_0015939.jpg,0.3512543737888336,0.10499626398086548,0.5437493324279785
ISIC_0015940.jpg,0.18921998143196106,0.08772546052932739,0.7230545878410339
ISIC_0015941.jpg,0.3363488018512726,0.135694220662117,0.5279569625854492
ISIC_0015942.jpg,0.4275750517845154,0.20893551409244537,0.36348941922187805
ISIC_0015943.jpg,0.42047807574272156,0.15462426841259003,0.424897700548172
ISIC_0015944.jpg,0.3535328209400177,0.14519938826560974,0.5012678503990173
ISIC_0015945.jpg,0.4697587490081787,0.14818723499774933,0.38205403089523315
ISIC_0015946.jpg,0.45252177119255066,0.14334169030189514,0.4041365683078766
ISIC_0015947.jpg,0.33156317472457886,0.16043677926063538,0.5080000758171082
ISIC_0015948.jpg,0.3622112274169922,0.15219596028327942,0.4855928122997284
ISIC_0015949.jpg,0.2514370381832123,0.1640932857990265,0.5844696760177612
ISIC_0015950.jpg,0.4587520956993103,0.16514961421489716,0.37609830498695374
ISIC_0015951.jpg,0.28388920426368713,0.10540056973695755,0.6107102036476135
ISIC_0015952.jpg,0.34006792306900024,0.1213383898139,0.5385936498641968
ISIC_0015953.jpg,0.3655654191970825,0.14280317723751068,0.4916314482688904
ISIC_0015954.jpg,0.33550432324409485,0.1263018101453781,0.5381938815116882
ISIC_0015955.jpg,0.2150512933731079,0.05515424907207489,0.7297945618629456
ISIC_0015956.jpg,0.3953286409378052,0.17858554422855377,0.42608577013015747
ISIC_0015957.jpg,0.33586591482162476,0.11917589604854584,0.544958233833313
ISIC_0015958.jpg,0.15827304124832153,0.07342640310525894,0.7683005928993225
ISIC_0015959.jpg,0.26688191294670105,0.062343914061784744,0.6707741618156433
ISIC_0015960.jpg,0.350599080324173,0.12465913593769073,0.5247418284416199
ISIC_0015961.jpg,0.5395572185516357,0.17812904715538025,0.282313734292984
ISIC_0015962.jpg,0.40305957198143005,0.2259569615125656,0.3709834814071655
ISIC_0015963.jpg,0.22654461860656738,0.14720207452774048,0.6262533068656921
ISIC_0015964.jpg,0.41760778427124023,0.1538730412721634,0.4285191297531128
ISIC_0015965.jpg,0.43562328815460205,0.22969703376293182,0.3346796929836273
ISIC_0015966.jpg,0.20308540761470795,0.13030889630317688,0.6666057109832764
ISIC_0015967.jpg,0.33188721537590027,0.0653257891535759,0.6027870178222656
ISIC_0015968.jpg,0.32142046093940735,0.11619006842374802,0.5623894929885864
ISIC_0015969.jpg,0.49111875891685486,0.11898581683635712,0.38989537954330444
ISIC_0015971.jpg,0.3229764401912689,0.2680732011795044,0.4089503884315491
ISIC_0015972.jpg,0.353566974401474,0.13325925171375275,0.5131738185882568
ISIC_0015973.jpg,0.4323887228965759,0.09191443771123886,0.4756968319416046
ISIC_0015974.jpg,0.37813761830329895,0.08744078129529953,0.5344216227531433
ISIC_0015975.jpg,0.4367796778678894,0.17232559621334076,0.39089465141296387
ISIC_0015976.jpg,0.32979413866996765,0.18506745994091034,0.4851383566856384
ISIC_0015978.jpg,0.1478533297777176,0.09645715355873108,0.7556895613670349
ISIC_0015979.jpg,0.3967864215373993,0.08984965831041336,0.5133638978004456
ISIC_0015980.jpg,0.5190222859382629,0.24246031045913696,0.2385174185037613
ISIC_0015981.jpg,0.3835603594779968,0.14463858306407928,0.4718010723590851
ISIC_0015982.jpg,0.3675503730773926,0.14758817851543427,0.48486143350601196
ISIC_0015983.jpg,0.19325271248817444,0.03932899981737137,0.7674183249473572
ISIC_0015984.jpg,0.3917193114757538,0.11798206716775894,0.49029865860939026
ISIC_0015985.jpg,0.39585673809051514,0.220682293176651,0.38346096873283386
ISIC_0015986.jpg,0.264810174703598,0.11343538761138916,0.6217543482780457
ISIC_0015987.jpg,0.2676751911640167,0.11330446600914001,0.6190203428268433
ISIC_0015988.jpg,0.43232569098472595,0.2014525681734085,0.36622172594070435
ISIC_0015989.jpg,0.3497154116630554,0.17707501351833344,0.47320953011512756
ISIC_0015990.jpg,0.6157590746879578,0.17543216049671173,0.20880873501300812
ISIC_0015991.jpg,0.4571191966533661,0.17026694118976593,0.3726138472557068
ISIC_0015992.jpg,0.6077907085418701,0.18339082598686218,0.20881853997707367
ISIC_0015993.jpg,0.3596571385860443,0.25411728024482727,0.38622552156448364
ISIC_0015994.jpg,0.336248517036438,0.13839197158813477,0.5253595113754272
ISIC_0015995.jpg,0.5181806087493896,0.14069102704524994,0.3411283493041992
ISIC_0015996.jpg,0.4010320007801056,0.15434706211090088,0.4446209669113159
ISIC_0015997.jpg,0.48911482095718384,0.17838652431964874,0.33249858021736145
ISIC_0015998.jpg,0.36205658316612244,0.15059345960617065,0.4873499274253845
ISIC_0015999.jpg,0.3538106679916382,0.14260642230510712,0.5035828948020935
ISIC_0016000.jpg,0.24956253170967102,0.0856231078505516,0.6648143529891968
ISIC_0016001.jpg,0.21752722561359406,0.0707431435585022,0.7117295861244202
ISIC_0016002.jpg,0.46105706691741943,0.15963904559612274,0.379303902387619
ISIC_0016003.jpg,0.4719339907169342,0.14278338849544525,0.3852826654911041
ISIC_0016004.jpg,0.4117632210254669,0.15282949805259705,0.43540728092193604
ISIC_0016005.jpg,0.4232049882411957,0.11156963557004929,0.4652254283428192
ISIC_0016006.jpg,0.31770601868629456,0.11932076513767242,0.5629732608795166
ISIC_0016007.jpg,0.36536669731140137,0.15235888957977295,0.4822743535041809
ISIC_0016008.jpg,0.22842727601528168,0.09307155758142471,0.6785011291503906
ISIC_0016009.jpg,0.43225330114364624,0.13353826105594635,0.4342084228992462
ISIC_0016011.jpg,0.17928315699100494,0.05743325874209404,0.7632836103439331
ISIC_0016012.jpg,0.359773188829422,0.13024626672267914,0.5099804997444153
ISIC_0016013.jpg,0.3252623379230499,0.12757278978824615,0.5471649169921875
ISIC_0016014.jpg,0.45177820324897766,0.1489570587873459,0.39926475286483765
ISIC_0016015.jpg,0.4557589888572693,0.16170932352542877,0.38253164291381836
ISIC_0016016.jpg,0.319026380777359,0.10383708029985428,0.5771365165710449
ISIC_0016017.jpg,0.33519673347473145,0.1764782965183258,0.48832499980926514
ISIC_0016018.jpg,0.37692663073539734,0.1643332690000534,0.45874011516571045
ISIC_0016019.jpg,0.23991510272026062,0.0633552074432373,0.6967296600341797
ISIC_0016022.jpg,0.3706623613834381,0.14770439267158508,0.4816333055496216
ISIC_0016023.jpg,0.1994943916797638,0.0653664693236351,0.7351391315460205
ISIC_0016024.jpg,0.33403879404067993,0.17351268231868744,0.4924485683441162
ISIC_0016025.jpg,0.558677077293396,0.148851677775383,0.2924712896347046
ISIC_0016026.jpg,0.42667457461357117,0.15812832117080688,0.41519710421562195
ISIC_0016027.jpg,0.25974318385124207,0.09238611906766891,0.6478707194328308
ISIC_0016028.jpg,0.3066995143890381,0.18717420101165771,0.506126344203949
ISIC_0016029.jpg,0.3037531077861786,0.15115328133106232,0.5450935959815979
ISIC_0016030.jpg,0.29102620482444763,0.11400968581438065,0.5949641466140747
ISIC_0016031.jpg,0.3128635883331299,0.12119375914335251,0.565942645072937
ISIC_0016033.jpg,0.3777908682823181,0.06539969146251678,0.5568094253540039
ISIC_0016034.jpg,0.3270709812641144,0.12126433104276657,0.5516647100448608
ISIC_0016035.jpg,0.31557705998420715,0.12116236984729767,0.5632606148719788
ISIC_0016036.jpg,0.2804907560348511,0.09595192223787308,0.6235573291778564
ISIC_0016037.jpg,0.31094372272491455,0.11490167677402496,0.5741546750068665
ISIC_0016038.jpg,0.2751435339450836,0.11201323568820953,0.6128432154655457
ISIC_0016040.jpg,0.30595463514328003,0.10826665163040161,0.5857787132263184
ISIC_0016041.jpg,0.3588884472846985,0.13235554099082947,0.5087559819221497
ISIC_0016042.jpg,0.387442022562027,0.1552456170320511,0.45731231570243835
ISIC_0016043.jpg,0.3743959069252014,0.16058790683746338,0.4650161564350128
ISIC_0016044.jpg,0.3741506040096283,0.15979993343353271,0.466049462556839
ISIC_0016045.jpg,0.2799842059612274,0.18268592655658722,0.5373298525810242
ISIC_0016046.jpg,0.4873442053794861,0.16160140931606293,0.3510543406009674
ISIC_0016048.jpg,0.35961779952049255,0.1472647786140442,0.49311748147010803
ISIC_0016049.jpg,0.40318363904953003,0.17846740782260895,0.4183489978313446
ISIC_0016050.jpg,0.44887465238571167,0.15533272922039032,0.3957926332950592
ISIC_0016051.jpg,0.3177586793899536,0.23110949993133545,0.45113179087638855
ISIC_0016052.jpg,0.31654781103134155,0.11605988442897797,0.5673922300338745
ISIC_0016053.jpg,0.3557756245136261,0.1444571614265442,0.4997671842575073
ISIC_0016054.jpg,0.4369284212589264,0.15469208359718323,0.408379465341568
ISIC_0016055.jpg,0.5014662742614746,0.18205834925174713,0.31647539138793945
ISIC_0016056.jpg,0.33810561895370483,0.11603403091430664,0.5458603501319885
ISIC_0016057.jpg,0.4667923152446747,0.17378386855125427,0.35942378640174866
ISIC_0016058.jpg,0.3496025502681732,0.10316192358732224,0.5472354888916016
ISIC_0016059.jpg,0.3554255962371826,0.1426323801279068,0.501941978931427
ISIC_0016060.jpg,0.3000074326992035,0.11666760593652725,0.5833249688148499
ISIC_0016061.jpg,0.42336511611938477,0.16190563142299652,0.4147292375564575
ISIC_0016062.jpg,0.3964354395866394,0.1543547362089157,0.4492098093032837
ISIC_0016063.jpg,0.33832040429115295,0.19129298627376556,0.4703865349292755
ISIC_0016064.jpg,0.3384898900985718,0.11558260768651962,0.5459275245666504
ISIC_0016065.jpg,0.3443810045719147,0.1272074580192566,0.5284115672111511
ISIC_0016066.jpg,0.34454235434532166,0.13168729841709137,0.5237703323364258
ISIC_0016068.jpg,0.45987609028816223,0.11899012327194214,0.42113378643989563
ISIC_0016069.jpg,0.45183876156806946,0.15439479053020477,0.3937664330005646
ISIC_0016070.jpg,0.36319512128829956,0.15197153389453888,0.48483335971832275
ISIC_0016071.jpg,0.3363882005214691,0.18156276643276215,0.48204898834228516
ISIC_0016072.jpg,0.30263668298721313,0.11864244937896729,0.5787208676338196
ISIC_0012086.jpg,0.2573356330394745,0.07227642834186554,0.6703879237174988
ISIC_0012134.jpg,0.1913876086473465,0.06362920254468918,0.7449831366539001
ISIC_0012136.jpg,0.3572058081626892,0.08132436126470566,0.5614698529243469
ISIC_0012178.jpg,0.266328364610672,0.036608677357435226,0.6970629096031189
ISIC_0012199.jpg,0.5489237904548645,0.12681269645690918,0.32426348328590393
ISIC_0012207.jpg,0.11787606030702591,0.02821354754269123,0.8539103865623474
ISIC_0012215.jpg,0.23808550834655762,0.08828118443489075,0.6736332774162292
ISIC_0012223.jpg,0.23652082681655884,0.07974398136138916,0.683735191822052
ISIC_0012240.jpg,0.24404068291187286,0.08014631271362305,0.6758129596710205
ISIC_0012248.jpg,0.18684157729148865,0.05734522268176079,0.7558132410049438
ISIC_0012265.jpg,0.32901665568351746,0.10380740463733673,0.5671759843826294
ISIC_0012266.jpg,0.3133678138256073,0.1162930503487587,0.5703390836715698
ISIC_0012272.jpg,0.29739898443222046,0.11413438618183136,0.5884666442871094
ISIC_0012273.jpg,0.36896222829818726,0.12100883573293686,0.5100288987159729
ISIC_0012314.jpg,0.4536729156970978,0.13335482776165009,0.4129723012447357
ISIC_0012323.jpg,0.3173077702522278,0.0795397236943245,0.6031525135040283
ISIC_0012330.jpg,0.427713543176651,0.1622546911239624,0.4100317656993866
ISIC_0012358.jpg,0.2896053194999695,0.1313277631998062,0.5790668725967407
ISIC_0012364.jpg,0.32768386602401733,0.06411197036504745,0.608204185962677
ISIC_0012372.jpg,0.36860236525535583,0.02844815142452717,0.6029495000839233
ISIC_0012375.jpg,0.24923266470432281,0.09592554718255997,0.6548417806625366
ISIC_0012387.jpg,0.11468514800071716,0.01887509785592556,0.8664397597312927
ISIC_0012388.jpg,0.27802449464797974,0.08631200343370438,0.6356634497642517
ISIC_0012414.jpg,0.2512621581554413,0.09456475079059601,0.6541730761528015
ISIC_0012428.jpg,0.21627840399742126,0.08621328324079514,0.6975082755088806
ISIC_0012432.jpg,0.34825408458709717,0.12762679159641266,0.5241190791130066
ISIC_0012447.jpg,0.16712138056755066,0.04233765974640846,0.7905410528182983
ISIC_0012448.jpg,0.22312958538532257,0.05969776585698128,0.7171726822853088
ISIC_0012510.jpg,0.2609764635562897,0.09107649326324463,0.6479470729827881
ISIC_0012522.jpg,0.3424087464809418,0.13394610583782196,0.5236451029777527
ISIC_0012537.jpg,0.20922474563121796,0.08484259247779846,0.7059326767921448
ISIC_0012548.jpg,0.4368319809436798,0.09979592263698578,0.4633721709251404
ISIC_0012705.jpg,0.28535041213035583,0.10597464442253113,0.608674943447113
ISIC_0012757.jpg,0.4374094009399414,0.16325917840003967,0.39933136105537415
ISIC_0012786.jpg,0.270143985748291,0.040896669030189514,0.6889593601226807
ISIC_0012848.jpg,0.3291049897670746,0.07037023454904556,0.6005247831344604
ISIC_0012852.jpg,0.253348171710968,0.08648929744958878,0.6601625084877014
ISIC_0012928.jpg,0.45400846004486084,0.08074117451906204,0.4652504026889801
ISIC_0012955.jpg,0.4611434042453766,0.09772057831287384,0.4411360025405884
ISIC_0012974.jpg,0.21221429109573364,0.07378556579351425,0.7140001654624939
ISIC_0013030.jpg,0.270372211933136,0.0770445466041565,0.6525832414627075
ISIC_0013035.jpg,0.22376741468906403,0.040606480091810226,0.7356261014938354
ISIC_0013085.jpg,0.3753543496131897,0.15857450664043427,0.46607112884521484
ISIC_0013169.jpg,0.4463634490966797,0.1007068082690239,0.45292970538139343
ISIC_0013170.jpg,0.3021356463432312,0.10447794944047928,0.5933864712715149
ISIC_0013203.jpg,0.29653632640838623,0.15585775673389435,0.5476058721542358
ISIC_0013270.jpg,0.34726467728614807,0.13239043951034546,0.5203449726104736
ISIC_0013271.jpg,0.35024309158325195,0.12593340873718262,0.5238234400749207
ISIC_0013281.jpg,0.26795482635498047,0.11773575097322464,0.6143094301223755
ISIC_0013319.jpg,0.36307889223098755,0.1497049480676651,0.48721620440483093
ISIC_0013393.jpg,0.25692853331565857,0.06690975278615952,0.6761617064476013
ISIC_0013465.jpg,0.3802395462989807,0.1250540167093277,0.4947064220905304
ISIC_0013673.jpg,0.3272087275981903,0.11443374305963516,0.5583574771881104
ISIC_0013708.jpg,0.2539873719215393,0.08922351151704788,0.6567891240119934
ISIC_0013764.jpg,0.49227359890937805,0.08916816115379333,0.4185582399368286
ISIC_0013977.jpg,0.22638601064682007,0.07896255701780319,0.6946514248847961
ISIC_0014006.jpg,0.3084772527217865,0.09717525541782379,0.5943475365638733
ISIC_0014177.jpg,0.24078421294689178,0.08839056640863419,0.6708252429962158
ISIC_0014251.jpg,0.2512885630130768,0.08734162151813507,0.661369800567627
ISIC_0014278.jpg,0.3559912443161011,0.14862734079360962,0.4953813850879669
ISIC_0014386.jpg,0.2478424459695816,0.08770368993282318,0.6644538044929504
ISIC_0014392.jpg,0.5242267847061157,0.10118301957845688,0.37459027767181396
ISIC_0014409.jpg,0.37814345955848694,0.1640598177909851,0.45779675245285034
ISIC_0014419.jpg,0.21205246448516846,0.06449364125728607,0.723453938961029
ISIC_0014457.jpg,0.3402740955352783,0.12656950950622559,0.5331563949584961
ISIC_0014474.jpg,0.2626224458217621,0.09909751266241074,0.6382800340652466
ISIC_0014500.jpg,0.25756171345710754,0.09261208027601242,0.6498262286186218
ISIC_0014503.jpg,0.27881669998168945,0.0802396908402443,0.6409436464309692
ISIC_0014567.jpg,0.002829435048624873,0.0001245292805833742,0.9970460534095764
ISIC_0014574.jpg,0.00038141003460623324,1.3292563380673528e-05,0.9996052384376526
ISIC_0014575.jpg,0.00029844060190953314,9.602895261195954e-06,0.9996919631958008
ISIC_0014586.jpg,0.5351349711418152,0.17210280895233154,0.29276221990585327
ISIC_0014587.jpg,0.00017780634516384453,5.607250386674423e-06,0.9998165965080261
ISIC_0014588.jpg,0.0001907371188281104,3.979535904363729e-06,0.9998053908348083
ISIC_0014590.jpg,0.0005061860429123044,3.3343269024044275e-05,0.9994605183601379
ISIC_0014600.jpg,0.005422957241535187,0.0007169033633545041,0.993860125541687
ISIC_0014619.jpg,0.09759675711393356,0.016725806519389153,0.8856774568557739
ISIC_0014626.jpg,0.032565951347351074,0.0030034359078854322,0.9644306302070618
ISIC_0014627.jpg,0.016998648643493652,0.0018680307548493147,0.9811332821846008
ISIC_0014629.jpg,0.0002622687316033989,4.1743405745364726e-06,0.9997335076332092
ISIC_0014631.jpg,0.01514451950788498,0.0009054562542587519,0.9839500188827515
ISIC_0014634.jpg,0.0006562847411260009,2.517163011361845e-05,0.9993185997009277
ISIC_0014643.jpg,0.010193919762969017,0.0007088907295837998,0.9890972375869751
ISIC_0014644.jpg,0.2725542485713959,0.15457315742969513,0.5728726387023926
ISIC_0014645.jpg,0.3633536398410797,0.07862649112939835,0.5580198168754578
ISIC_0014647.jpg,0.0035241274163126945,0.00029720665770582855,0.9961786270141602
ISIC_0014648.jpg,0.05564549192786217,0.011245370842516422,0.9331092238426208
ISIC_0014649.jpg,0.0004698980483226478,1.676984174991958e-05,0.9995132684707642
ISIC_0014652.jpg,0.41744282841682434,0.10668978840112686,0.4758674204349518
ISIC_0014653.jpg,0.33652767539024353,0.12514111399650574,0.5383312106132507
